{"initial_reset_timestamp": 1624626226.4714198, "timestamps": [1624626226.9940367, 1624626227.4518151, 1624626228.7653031, 1624626229.0166297, 1624626229.2350473, 1624626229.5322833, 1624626229.886305, 1624626230.18351, 1624626230.963427, 1624626231.3164816, 1624626231.5319061, 1624626231.7672763, 1624626232.0006535, 1624626232.2160778, 1624626232.8334274, 1624626233.4707236, 1624626233.7330222, 1624626234.1159976, 1624626234.3314214, 1624626234.5977106, 1624626235.065461, 1624626235.364661, 1624626235.6977687, 1624626236.2991626, 1624626236.998292, 1624626237.2974937, 1624626237.5328648, 1624626237.768234, 1624626237.930799, 1624626238.4334567, 1624626238.747616, 1624626239.130593, 1624626239.3659637, 1624626239.8147867, 1624626240.1827788, 1624626240.434107, 1624626240.8150892, 1624626241.2479315, 1624626241.5142214, 1624626241.7974627, 1624626242.5005841, 1624626242.8476567, 1624626243.917796, 1624626244.198045, 1624626244.5810227, 1624626244.8303554, 1624626245.0806873, 1624626245.2811494, 1624626245.534474, 1624626245.7469049], "episode_lengths": [12, 19, 73, 12, 11, 13, 19, 13, 43, 18, 11, 12, 12, 11, 35, 35, 12, 19, 10, 14, 26, 16, 18, 34, 38, 16, 12, 12, 8, 28, 17, 21, 12, 25, 20, 13, 21, 22, 14, 15, 40, 19, 62, 15, 21, 13, 13, 10, 13, 11], "episode_rewards": [12.0, 19.0, 73.0, 12.0, 11.0, 13.0, 19.0, 13.0, 43.0, 18.0, 11.0, 12.0, 12.0, 11.0, 35.0, 35.0, 12.0, 19.0, 10.0, 14.0, 26.0, 16.0, 18.0, 34.0, 38.0, 16.0, 12.0, 12.0, 8.0, 28.0, 17.0, 21.0, 12.0, 25.0, 20.0, 13.0, 21.0, 22.0, 14.0, 15.0, 40.0, 19.0, 62.0, 15.0, 21.0, 13.0, 13.0, 10.0, 13.0, 11.0], "episode_types": ["t", "t", "t", "t", "t", "t", "t", "t", "t", "t", "t", "t", "t", "t", "t", "t", "t", "t", "t", "t", "t", "t", "t", "t", "t", "t", "t", "t", "t", "t", "t", "t", "t", "t", "t", "t", "t", "t", "t", "t", "t", "t", "t", "t", "t", "t", "t", "t", "t", "t", "t"]}